﻿{"cameraMode":{"drawMode":0,"name":"Shaded","section":"Shading Mode"},"sceneLighting":true,"audioPlay":false,"sceneViewState":{"showFog":true,"showMaterialUpdate":false,"showSkybox":true,"showFlares":true,"showImageEffects":true,"showParticleSystems":true},"in2DMode":false,"pivot":{"x":0.0625,"y":-4.159999847412109,"z":-1.9999998807907105},"rotation":{"x":-0.2669037878513336,"y":-0.029776107519865037,"z":0.00825087446719408,"w":-0.9632277488708496},"size":26.654464721679689,"orthographic":false}